{"cameraMode":{"drawMode":2,"name":"Shaded Wireframe","section":"Shading Mode"},"sceneLighting":false,"audioPlay":false,"sceneViewState":{"m_AlwaysRefresh":false,"showFog":true,"showSkybox":false,"showFlares":true,"showImageEffects":true,"showParticleSystems":true,"showVisualEffectGraphs":true,"m_FxEnabled":true},"in2DMode":false,"pivot":{"x":0.07728934288024903,"y":-0.2118697166442871,"z":0.031212329864501954},"rotation":{"x":-0.1500394195318222,"y":-0.01572924479842186,"z":0.002364447107538581,"w":-0.9886540770530701},"size":4.185876846313477,"orthographic":false}